headline,clickbait
Should I Get Bings?,1
Which TV Female Friend Group Do You Belong In,1
"The New ""Star Wars: The Force Awakens"" Trailer Is Here To Give You Chills",1
"This Vine Of New York On ""Celebrity Big Brother"" Is Fucking Perfect",1
A Couple Did A Stunning Photo Shoot With Their Baby After Learning She Had An Inoperable Brain Tumor,1
How To Flirt With Queer Girls Without Making A Total Fool Of Yourself,1
32 Cute Things To Distract From Your Awkward Thanksgiving,1
If Disney Princesses Were From Florida,1
What's A Quote Or Lyric That Best Describes Your Depression,1
"Natalie Dormer And Sam Claflin Play A Game To See How They'd Actually Last In ""The Hunger Games""",1
16 Perfect Responses To The Indian Patriarchy,1
"21 Times I Died During The ""Captain America: Civil War"" Teaser",1
17 Times Kourtney Kardashian Shut Down Her Own Family,1
Does Coffee Make You Poop,1
Who Is Your Celebrity Ex Based On Your Zodiac,1
17 Hairdresser Struggles Every Black Girl Knows To Be True,1
Are You More Walter White Or Heisenberg,1
The Most Canadian Groom Ever Left His Wedding To Plow Out His Guests In A Snow Storm,1
Here's One Really Weird Thing About Butterfree,1
15 Resolutions To Make Good On In 2016,1
What New Thing Should You Try In 2016,1
Zoo Animals Around The World Are Opening Their Christmas Presents Early,1
Tell Us About Yourself(ie): Erica Ash,1
9 Times I Cried,1
21 Vegetarian Dump Dinners For The Crock Pot,1
This Goat Has Been Bullying His Tiger Friend,1
"8 Fall Shows To Be Excited About, 10 To Give A Chance, And 6 To Avoid",1
"Another Round, Episode 25: Stop Telling Women To Smile",1
16 Signs You Are Too Stubborn To Live,1
This Country Singer Makes Music On His Game Boy In His Spare Time,1
When You Realize Every Guy Is Taken,1
"An Awesome Look At The Behind-The-Scenes Concept Art Of ""Aladdin""",1
"Sarah Jessica Parker Talks Being A Carrie, ""Hocus Pocus,"" And Her Love Of New York",1
Which Type Of Swearer Are You,1
A Dad Recorded All The Adorable Questions His Son Asked When Watching Star Wars For The First Time,1
"29 Impossibly Stylish Cat Gifts, In Order Of Awesomeness",1
13 Of The Most Glorious Made-Up Words From Literature,1
We Pranked A Bunch Of People By Dropping An iPhone In Front Of Them,1
23 Flaws Every Sneakerhead Has,1
We Know Your Zodiac Sign Based On Which Cat You Choose,1
"Grimes On Her New Album And The Heartbreaking Inspiration Behind ""Oblivion""",1
This Instagram Account Is Recreating 2015's Greatest Hits With Barbies,1
The 22 Best Adele Memes,1
17 Pictures Hot People Will Never Understand,1
How Badly Are You Taking The One Direction Hiatus,1
We Know What You Want For Christmas Based On Your Zodiac Sign,1
Guys Try Pinterest Leaf Hacks,1
22 Tips For Hiking With Kids That Every Parent Should Know,1
The Scariest Halloween Candy Taste Test,1
This Dog Begging For His Human's Forgiveness Is The Cutest Thing You'll See Today,1
Here's 100 Years Of Bollywood Cinema In Under Four Minutes,1
Ed Westwick Showed Up To An Emmys Party Looking Like The Chuck Bass Of Your Dreams,1
What Is Your Favorite Activity When Visiting Family,1
Take This Color Test To See How Far You'd Go For Love,1
Are You Brave Enough To Date A Werewolf,1
18 Things Everyone Who Hates PDA Will Understand,1
27 Things That Always Happen In The Office During Christmas,1
How Many Of These SpongeBob Faces Do You Recognize,1
Which Golden Globe Reaction Face Are You Based On Your Zodiac Sign,1
25 Reasons A Trip To Costa Rica Could Actually Change Your Life,1
Literally Just 46 Photos Of Scotland Looking Sexy As Hell,1
58 Things That Mildly Annoy Anyone Who Lives With Someone Messy,1
17 Places All Music Lovers Should Go In London,1
"Do You Know The Lyrics To ""Hotline Bling"" By Drake",1
Which Weasley Should Be Your Best Friend,1
29 Books Every '90s Kid Will Immediately Recognize,1
This Organisation Is Trying To Launch India's First Transgender Model Agency,1
Request Timeout,1
"Issa Rae's ""Insecure"" Is Coming To HBO At Long Last",1
"How Well Do You Know ""Pretty Little Liars""",1
You've Been Using Your Rice Cooker Wrong The Entire Time,1
No Actors Of Color Were Nominated For An Oscar This Year And People Are Pissed,1
This Guy Totally Nailed What A Modern Day Aladdin Would Look Like,1
18 Easy And Delicious One-Pan Breakfasts,1
We Tried Out Magic Wands And Here's What Happened,1
Charli XCX Looked Like A Space Dominatrix At The MTV EMAs,1
If The Avengers Looked Like They Originally Did In The Comics,1
13 Reasons Urinals Are The Worst Human Invention Of All Time,1
Will You Get A Free Car From Oprah Or A Free Tub Of Vaseline From Tyra,1
28 Of The Most Canadian Crimes Ever Committed,1
19 Beautiful Places In Scotland That Give People All The Feels,1
Here's How To Actually Get Rid Of Acne All Over Your Body,1
This 24-Year-Old Guy Got Drunk And Accidentally Booked An Insane Vacation,1
I Asked Guys If They Were Going To Buy Leona Lewis's Exclusive Grindr Album,1
24 Delicious Thanksgiving Desserts That Aren't Pie,1
Country Star Jason Aldean Wore Blackface On Halloween To Dress Up As Lil Wayne,1
17 Times College Literally Sucked The Life Out Of You,1
"The Hardest ""America's Next Top Model"" Quiz You'll Take Today",1
This Color Test Will Determine How You Like To Masturbate,1
42 Of The Most Romantic Lines From YA Literature,1
"This Reporter Responded To A Vulgar Comment With An Awesome ""Your Mama"" Joke",1
22 People Who Were Just Smooth AF,1
Are You Bart Or Lisa,1
Which Zodiac Sign Are You Most Compatible With,1
"How Well Do You Remember ""The Vampire Diaries"" Murder House Party",1
"How Well Do You Remember ""Sabrina, The Teenage Witch""",1
12 Signs You Grew Up In San Francisco,1
What You Say To Someone With Chronic Pain And What They Hear,1
23 Totally Amazing BodyCon Looks You'll Wanna Rock This Fall,1
There's An Amazing New Beauty Box Catering To Women Of Color,1
We Taught These Grandmas How To Do The Nae Nae And It Was Cute AF,1
17 Perfect Products For Embracing Your Inner Kanye,1
"Here's How To Draw A Hand, Maybe",1
Can You Identify These Movies Based On The Main Character's BFF,1
21 Tweets That Prove Your Brain Can Be A Real Dick Sometimes,1
Which Badass Lady Should Be Your Valentine Based On One Question,1
Anna Camp And Skylar Astin Are Engaged So Everything Is Finally Right In The World,1
People Are Pretending To Faint In Front Of Their Dogs To See How They React,1
Are These Smiths Lyrics Real Or Fake,1
Do You Have ESP,1
We Can Tell You Who You Should Date With Just Four Questions About Biryani,1
21 Tweets About Having Braces That Are Way Too Real,1
A Dad Surprised His Kids With His Military Homecoming By Dressing Up As A Gift From Their Elf,1
Be Honest: Would You Hit That,1
We Know What You Play In Your Private Sessions,1
18 Posts That Prove Coconut Oil Is The Answer To All Your Problems,1
19 Items Anyone Who Loves Burgers Needs To Own,1
20 Confessions From People Who Are Slightly Obsessed With Outer Space,1
21 Things All Vegetarian Couples Just Get,1
"Will Ferrell Is The New, Badass Santa",1
Mark Ruffalo Posted A Shirtless Pic Promoting Breast Cancer Awareness For Men,1
Nobody Likes Hand Jobs,1
Are You More Pinky Or The Brain,1
"No Additional Episodes Of ""Making A Murderer"" Have Been Made Yet",1
15 Times Priyanka Chopra Goddamn Owned 2015,1
25 Of The Best Tumblr Memes Of 2015,1
27 Pictures That Are Way Too Real If You Have A Four-Person Family,1
17 People Who Slayed The Eyeshadow Game,1
23 Things You Probably Shouldn't Say To Someone With Depression,1
Someone Illustrated Leslie Knope's Compliments And They're Pretty Damn Cool,1
People Don't Know Who David Bowie Is And We're Here To Clear That Up,1
Gay Drama Teacher Responds Perfectly After A Mother Pulls Her Kids From His Class,1
The 21 Best Server Memes On The Internet,1
Try And Guess What Chips These Were Before We Smashed Them,1
How Good At Spelling Are You Actually,1
Would You Be Friends With Blair Or Serena,1
For Anyone Too Tired To Go Out On The Weekend,1
What People Who Go To Therapy Want You To Know,1
"Here's A Photo Of Buff John Krasinski In ""13 Hours"" And It's Hard To Handle",1
What Obscure Thing Should You Make Sexy For Halloween,1
18 Very Sweary British Words You Need To Use Right Now,1
14 Rare Photos Of Albert Einstein That You've Probably Never Seen Before,1
"12 Reasons Kendrick Sampson From ""HTGAWM"" Is The Ultimate Bae",1
11 Struggles Women Understand Too Well,1
"Mumbai Is Sending Powerful Messages Of Love, Support, And Solidarity For Paris",1
17 Thoughts We All Had While Stalking Our Exes On Facebook,1
"I'm An Immigrant, But I'm Not",1
This Guy's Cheese Vine Perfectly Sums Up How Silly The Daily Mail Is,1
We Reenacted What Kids Said About Black Leaders And It's Amazing,1
10 Movies With A Shit-Ton Of Lesbian Subtext,1
17 Books That Perfectly Capture The Immigrant Experience,1
Beans Memes Is The Only Twitter Account That Actually Matters,1
13 Confessions About Masturbation That'll Make You Go WTF,1
"The Secondary Characters Of ""Friends,"" Then Vs. Now",1
Do You Belong In London Or San Francisco,1
24 Potato Recipes That Should Be Illegal,1
11 Charts And Graphs Every James Bond Fan Will Get,1
"How Well Do You Know Season One Of ""Buffy""",1
Only True New Jerseyans Will Ace This Quiz,1
These DIY Oreo Churros Are Next-Level Glorious,1
19 Gifts Every Classical Music Nerd Will Love,1
24 Hilarious Tweets Every Book Lover Will Appreciate,1
Which Christmas Movie Should You Watch Right Now,1
"How Well Do You Remember Season 5 Of ""The Walking Dead""",1
15 Times The Try Guys Went A Little Too Far In 2015,1
25 Things You Should Never Say To Someone With Big Boobs,1
"If ""Netflix And Chill"" Were Honest",1
"This Wounded Veteran's Service Dog Was His Best Man, And It'll Make You Bawl",1
"These Youth Football Players Quit Their Game To Do The ""Whip/Nae Nae""",1
Here's How To Make The Only Birthday Cake You'll Ever Need,1
These BFFs Are Slaying Internet Fashion,1
"Dear World, A Word Of Advice From India: Your Butts Are Dirty",1
Would You Pass Environmental Science Now,1
25 Things You'll Only Get If You're Obsessed With Baths,1
Amber Rose Had A Lot To Say About Kanye After Their Twitter War,1
"23 Important Life Lessons ""The Hunger Games"" Have Taught Us",1
15 Game-Changing Eyeliner Charts If You Suck At Makeup,1
17 Beauty Hacks You Should Try In 2016,1
17 Things Only Women Who Aren't That Into Makeup Will Understand,1
15 Hits From 1996 That'll Make You Feel Old AF,1
24 Pictures That Show 2016 Is Off To A Terrible Start,1
What's The Most Beautiful College Campus In The World,1
8 Urban Dictionary Definitions You Need To Know,1
Here's Everything You Need To Know About Renters Insurance,1
Adele Said A Mic Dropped In The Piano And That's Why Her Grammy Performance Was Off,1
31 Celebrity Babies We Said Hello To In 2015,1
19 Silly Assumptions About Singles In Their Thirties,1
The Food At Electric Picnic This Year Looks Amazing,1
"If ""Dragon Ball Z"" Characters Had Realistic Proportions",1
15 Ridiculously Awkward Sex Questions Parents Have Actually Asked Their Kids,1
16 Times Costco Failed So Hard It Almost Won,1
Which X-Men Character Are You Based On Your Zodiac Sign,1
13 Things All Slytherins Will Need In 2016,1
12 People Who Are Going To Have A Really Hard Time Doing Their Job In That Costume,1
We Need To Acknowledge That Niall Is The Most Underrated Member Of One Direction,1
We Know How Many Times You Masturbated Last Week,1
Are You More Nick Or Joe Jonas,1
What Being A Straight Woman On Tinder Has Taught Me,1
You'll Be In Tears After Hearing Josh Groban And Kelly Clarkson Duet,1
17 Easy Slow Cooker Soups That Will Warm You Right Up,1
21 Desserts That Prove Bourbon Makes Everything Better,1
23 Times Liz Lemon Spoke The Goddamn Truth,1
If Wedding Magazines Were More Realistic,1
"Andrew Marr angers bloggers, describing them as 'inadequate, pimpled and single'",0
Massive snowstorm blasts most of United States,0
U.S. Asks Credit Card Processor for Data on Offshore Clients,0
Bush to Propose Major Overhaul of Social Security Benefits,0
Guitarist Les Paul dies at 94,0
Riesch Wins Slalom; Injured Vonn Falls at Worlds,0
President Bush says U.S. will defend Taiwan if attacked by China,0
Lethal explosions hit Bali,0
Chilean President visits Pichilemu to inaugurate Agustín Ross Cultural Centre,0
Obama Resists Calls for a Tougher Stance on Iran,0
Syrian officials and Lebanese President accused by U.N. report,0
Former Philippine President Corazon Aquino dies at age 76,0
Romanian parliament ratifies EU accession treaty,0
Woman arrested after caught living in man's closet,0
Chinese Golfer Makes a Name for Herself on L.P.G.A. Tour,0
"An Israeli Playground Opens, Hardened Against Rockets",0
NHL: Detroit wins the 2008 Stanley Cup,0
Kaczyński takes the office of Polish president,0
Senate Votes to Add Sexual Orientation to Hate Crime Protections,0
"Seek a Lost Ball, and Ye Shall Find",0
"Interview with Vicky Dhillon, City Council candidate for Wards 9 & 10 in Brampton, Canada",0
Getting Theirs Cuts Both Ways on Wall Street,0
Resignation of JetBlue flight attendant Steven Slater announced,0
Presidential Fiscal Pivot Comes Early This Time,0
A Good Day Spoiled by Indians and Bad Relief Pitching at New Yankee Stadium,0
Fed Cites Easing of Decline and Affirms Policy,0
Vodafone New Zealand buys Internet provider ihug,0
Alan Turing given posthumous pardon,0
"Prayer does not help heart patients, study finds",0
Auto Supplier Lear Said to Prepare Chapter 11 Filing,0
Yemen rebels accuse Saudi forces of killing 54 people,0
Ratko Mladić arrested for war crimes,0
U.S. Officials Say Israel Struck in Sudan,0
U.S. Supreme Court overturns Arthur Andersen conviction,0
At least fifteen dead in Iraq after gunmen attack central bank,0
Tauranga bomb threat politically motivated,0
"Wikinews interviews Brooks Lindsay, founder of Debatepedia",0
"Australian Prime Minister blames asylum seekers for ""Children Overboard"" scandal",0
Bulgarian chess grandmaster attempts to break chess record,0
Technology innovations unveiled on Research at Intel Day 2008,0
Polish writer Tomasz Pacyński dies,0
"Basketball: Greece beats the United States, 101-95 on semi-final",0
"British Unions, Angry Over Use of Foreign Workers, Stage Walkouts",0
Stay Dry on Golf Course by Following Some  Family Wisdom,0
Ohio man dies after sitting in chair for two years,0
A 1-2 Finish for Brawn in Australian Prix,0
WHO: H1N1 influenza virus still a pandemic,0
Investors Compete for a Piece of the Madoff Pie,0
Riots in Île-de-France : 70 arrested after 200 cars burned,0
"Rail tunnel collapses at Gerrards Cross, UK",0
Zambian Editor Is Arrested Over Photos of a Birth,0
Atomic Agency Fails to Elect New Head,0
Classic a Reminder That National Ties Are Unwavering,0
Boeheim as Fund-Raiser Outdoes Boeheim as Coach,0
Journalist detained at Council of Europe human rights conference in Warsaw,0
Fathers mourn slain children in Arizona,0
"Iraq on verge of civil war, head of Arab league fears",0
San Francisco hit-and-run suspect caught after lying,0
"On a Campus in Bulgaria, Every Reason for Optimism",0
Bradley Wiggins Erases Bitterness of 2007 Tour de France,0
Japanese whaling ship to dock in Hobart,0
The Best Two Days in Sports,0
President of China lunches with Brazilian President,0
Police social media frenzy threatens to prejudice alleged child killer trial,0
NY Times says Hillary Clinton accepts US Secretary of State position,0
"Fire in Pichilemu, Chile kills family of five",0
Wildfires started by lightning burn in California,0
South Korea to Spend $3 Billion on Airport,0
"Options, and Hurdles, in Speeding Vaccines",0
"Wikimania 2007 begins in Taipei, Taiwan",0
"Pennsylvania lost 41,000 jobs in February, a 13-year high",0
Californian Governor denies clemency for Stanley Tookie Williams,0
"Bruins Beat Hurricanes, 4-0, and Stay Alive",0
"Afghan policeman opens fire on US troops, kills two",0
Study Shows Sharp Rise in Latino Federal Convicts,0
"CSX freight train derails in Oneida, New York, tank car explodes",0
New strain of Bird Flu appears in China,0
President Bush vetoes CIA waterboarding ban,0
"20,000 Poles demonstrate on the streets of Warsaw",0
TEPCA protests the Taiwanese government on WiMAX in Taiwan,0
"Jonathan Coulton, Non-Rock Star, Needs a Roadie",0
Cuba declines American help for damage caused by Hurricane Dennis,0
Thousands evacuated after chemical truck overturns in Pennsylvania,0
Misery Hangs Over Gaza Despite Pledges of Help,0
Who Threw the DVD From the Train?,0
Wikinews interviews Amir Abbas Fakhravar about Iranian nuclear intentions,0
East Timor - Australia problematic billion-dollar gas and oil accord,0
Athletes Say Drug-Test Rule Violates Right to Privacy,0
EBay buys VeriSign payment service division,0
"Bomb blast at Iraqi football match kills 25, many wounded",0
Philadelphia to become largest city in U.S. without Boy Scout building,0
Suicide bomber strikes Israeli coastal town,0
"Japan earthquake death toll estimated at over 10,000",0
Brazilian football referee admits he frauduently refereed games,0
Facebook unblocked in Bangladesh,0
Panda gives birth at San Diego Zoo,0
Family of 'murdered' UK teenager reacts to death,0
No Clear Accord on Stimulus by Top Industrial Nations,0
"Dam Bursts in Indonesia, Killing Dozens in Flood",0
Russian City Finds Race for Mayor Ever Odder,0
"I.B.M., Looking to Buy Sun, Sets Up a Software Strategy",0
Rumsfeld memo recognizes need for 'major adjustment' in Iraq,0
Israel announces ceasefire in Gaza Strip; rocket fire into Israel continues,0
Gunmen abduct aid workers in Sudan,0
Iran conducts nine missile tests,0
Bacterial meningitis possibly spread on AirTran flight,0
Aid payments to be withdrawn by UK following violence in Ethiopia,0
Flight simulation site Avsim 'destroyed' by hackers,0
Intel to Invest Despite Drop in Quarterly Income,0
"Netanyahu, Once Hawkish, Now Touts Pragmatism",0
China overtakes Germany as world's biggest exporter,0
Cable Wars Are Killing Objectivity,0
Lesnar Defends His U.F.C. Title,0
U.S. Weighs Sharif as Partner in Pakistan,0
"2008 Taipei International Book Exhibition: More events, more visitors in the weekend",0
Businesses and individuals worldwide to turn lights off as part of Earth Hour 2009,0
"Hillary Clinton attends grand opening of the Erie Canal Harbor in Buffalo, New York",0
Australian Prime Minister's popularity at all time low,0
Nightwish announce details of new album,0
Chinese Grease the Wheels of Power With Luxury Gifts,0
Colombian drug lord receives 45-year jail sentence in US,0
"At 90, Bob Feller Can Still Bring It",0
Evangelist minister and Islam critic charged with arson in Alabama,0
Capitol Hill Democrats hold informal hearing on Plame leak,0
Torture and Death Recounted at Cambodian Trial,0
Ohio Seeks to End Interest Abuses in Payday Loans,0
"The Market Is Up, but for How Long?",0
Fake impotence drugs linked to low blood sugar outbreak,0
Wikinews interviews Australian wheelchair basketball player Tina McKenzie,0
Delhi earns UN carbon credits,0
Destroyed Kelso High School to be rebuilt,0
"In Tehran, a Symbol Is Ready to Reappear",0
Triathletes from Belgium and Luxembourg compete in championship race,0
Insurers Ask Whether TARP Aid Is on Its Way,0
Drought conditions and high winds lead to wildfires in Texas,0
Swine Flu Migrates to China and Japan,0
US government 'can continue' eavesdropping,0
Canadian victims of terrorism will be able to sue perpetrators,0
Memorial service held for model found dead in Missouri mansion,0
NASCAR: Hamlin wins 2010 AAA Texas 500,0
Brazil wins Confederations Cup,0
Markets Finish Little Changed Despite Housing Reports,0
2008 Tour de Taiwan Stage 2: European & American cyclists rise up,0
Ted Kennedy diagnosed with brain tumor,0
"For G.M. and Chrysler, Aid Tied to Restrictions",0
Cotto Retains W.B.O. Title With Split Decision Over Clottey,0
No. 7 Blue Devils Top No. 13 Lady Vols in Knoxville,0
"Philadelphia Flyers beat Montreal Canadiens, 3-2",0
British university falls short of Smurf gathering world record,0
Minor earthquake shakes Illinois,0
"Bivens, the L.P.G.A. Commissioner, Resigns",0
"Polar bears related to extinct Irish bears, DNA study shows",0
Australian Football League to hold match in China,0
Contempt Charges Rescinded for a Stevens Prosecutor,0
Former Japan Prime Minister Kiichi Miyazawa dies at 87,0
"Schedule, Day by Day",0
Male models win The Amazing Race,0
UK electoral commission asked to investigate News International payoffs,0
Australian growth forecast reduced to 2.7%,0
AFC Asian Cup: 2007 tournament commences; Thailand and Iraq draw 1-1,0
TAM Linhas Aéreas plane crashes at São Paulo airport in Brazil,0
NATO report on Afghanistan leaked,0
Marbury and Knicks Agree on a Buyout,0
"Wikinews interviews Jim Babka, chair of Libertarian organization Downsize DC",0
"Aid, and Perhaps More, Spreading in Myanmar Delta",0
British PM Tony Blair pressured by resignations,0
"In Tehran, a Mood of Melancholy Descends",0
Australian man threatens to shoot down chopper with tomato-bazooka,0
Karzai blames U.S. and Britain for increased opium production,0
Andy Roddick Presents Challenge for Coach Larry Stefanki,0
Anniversaries for Tibet and Tiananmen Square Have China on Edge,0
"British FTSE index reaches one-year high, other European markets rise",0
E.U. Parliament Caps Text Roaming Charges,0
"Chinese General threatens U.S. with nuclear weapons over possible Taiwan Strait conflict, Beijing downplays comment",0
Kerik nominated as U.S. Secretary of Homeland Security,0
Supreme Court Clears Way for Wider Use of DVR,0
Suspect arrested after hijacking Mexican airliner,0
Civilian Jury Considers Death Penalty for Ex-G.I.,0
Former Italian Prime Minister Berlusconi found guilty of fraud,0
Wikinews interviews Dr. Robert Kelly and Dr. Jim Gill regarding joint scientific venture in North Korea,0
New York Assembly passes same-sex marriage bill,0
Coral Gables hosts Herald Hunt puzzle adventure,0
"After Killings Linked to I.R.A. Factions, Northern Ireland Defends Its Fragile Peace",0
Obama Seeks Action Against Credit Card Industry,0
Australian opposition minister gives speech on poverty,0
Turkey and Armenia sign historic agreement,0
Seven killed in Chinese bombing,0
Indianapolis remains undefeated with win in Jacksonville,0
A New Round of Worries Pushes Shares Lower,0
U.A.W. Members Easily Ratify G.M. Concessions,0
Dibaba’s comeback: Long-distance track star wins her first World Championship title since 2007,0
Seniors Help Michigan St. Maintain Course,0
Protests Flare in Tehran as Opposition Disputes Vote,0
Prodi wins vote of confidence,0
Bouncer stabbed to death in Atlantic City brawl,0
Hedge Fund Executive to be Borders Chairman,0
"January tornadoes, severe weather in southern, midwestern US cause fatalities",0
All States Beat a Deadline on Transportation Spending,0
Steve Jobs denies 'location-gate',0
Indian flooding displaces thousands,0
Cycling Enters Electronic Age With Gear-Shifting System,0
G.M. Tries a New Tack to Win Government Aid,0
Phelps Retains Mazda Sponsorship After Apology to Chinese,0
Resentments in Sri Lanka Reflect Challenges to Peace,0
Greenland assumes self rule Sunday,0
WHO declares global swine flu pandemic,0
Yahoo Teams With Newspapers to Sell Ads,0
"Olympic condoms auctioned: ""faster, higher, stronger""",0
Worldwide markets fall precipitously,0
Wikinews interviews Australian Statistician Brian Pink,0
"A Hall of Fame Linebacker Turns 50, Pondering Life Lessons and Dance Lessons",0
"Caged children well fed, behaved",0
IOC posthumously awards its highest honor to late Vancouver Organizing Committee Chair,0
Pakistan's coalition government faces split,0
Black and Blue Belles win in Canberra Roller Derby League blowout,0
Zimbabwe Opposition Figure to Be Tried for Terrorism,0
Bonus Cuts Hurting More Than Top Wall Streeters,0
Fake Jackson suicide email hides virus,0
"Ex-President of South Korea, Roh, Dies in Hiking Fall",0
Czech Police Expel Ex-Leader of Klan,0
"People from Pichilemu, Chile leave La Cruz Hill",0
"Ireland's Occupy Dame Street, Occupy Waterford camps cleared",0
The Charm and Silliness of Round 1,0
Australian Jesse Williams drafted in fifth round by the NFL's Seattle Seahawks,0
MDC pulls out of Zimbabwe elections,0
French Open: Stosur and Schiavone to compete in women's final; Nadal to meet Soderling in men's final,0
Space Shuttle Discovery lands in Florida,0
First Trojan horse to affect handheld gaming console found,0
U.S. jobs picture not improving,0
